metabolite,full_name,gsm_metabolite_id,mfa_coefficient_glucose,mfa_coefficient_oil
ALA,Alanine,ala_L[c],0.355,0.195
ARG,Arginine,arg_L[c],0.13,0.085
ASN,Asparagine,asn_L[c],0.1725,0.09
ASP,Aspartate,asp_L[c],0.3245,0.242
CYS,Cysteine,cys_L[c],0.0036,0.0036
GLN,Glutamine,gln_L[c],0.2425,0.145
GLU,Glutamate,glu_L[c],0.2425,0.145
GLY,Glycine,gly[c],0.345,0.23
HIS,Histidine,his_L[c],0.06,0.035
ILE,Isoleucine,ile_L[c],0.15,0.09
LEU,Leucine,leu_L[c],0.24,0.14
LYS,Lysine,lys_L[c],0.235,0.13
MET,Methionine,met_L[c],0.0442,0.0442
PHE,Phenylalanine,phe_L[c],0.12,0.065
PRO,Proline,pro_L[c],0.155,0.09
SER,Serine,ser_L[c],0.22,0.12
THR,Threonine,thr_L[c],0.2,0.11
TRP,Tryptophan,trp_L[c],0.0022,0.0022
TYR,Tyrosine,tyr_L[c],0.07,0.05
VAL,Valine,val_L[c],0.23,0.125
ACCOAcyt,Acetyl-CoA (cytosolic),accoa[c],2.601,5.203
DHAP,DHAP,dhap[c],0.124,0.248
ATP,ATP,atp[c],2.601,5.203
NADPH,NADPH,nadph[c],5.203,10.405
NADH,NADH,nadh[c],0.124,0.248
R5P,Ribose-5-phosphate,r5p[c],0.123,0.123
FUM,Fumarate,fum[c],-0.076,-0.076
G6P,Glucose-6-phosphate,g6p[c],1.7,1.7